UF,Estado,Ano,PIB,PIB_per_capita,Populacao,Rendimento,Uso_Terra,Emissoes,QtdInvestimento,VlInvestimento,AreaInvestimento,SemOperacaoCredito
AC,ACRE,2013,23236732,29488.24,788,949,1721189,26503536,172.0,26913562.0,0.0,False
AC,ACRE,2014,25273129,31630.95,799,965,1755802,28735408,183.0,45409118.0,0.0,False
AC,ACRE,2015,23781907,29396.67,809,1011,1799895,31866845,119.0,24135465.0,1608.0,False
AC,ACRE,2016,22211437,27153.35,818,926,1830699,28527812,40.0,10423372.0,1830.0,False
AC,ACRE,2017,22232824,26916.25,826,913,1864772,31319401,41.0,10699673.0,2128.0,False
AC,ACRE,2018,22854183,27435.99,833,1055,1912816,33917708,34.0,17753805.0,3955.0,False
AC,ACRE,2019,22355396,26645.29,839,1004,2003592,65756020,29.0,11999715.0,2641.0,False
AC,ACRE,2020,22133344,26224.34,844,1021,2095153,66098800,9.0,2019894.0,240.0,False
AC,ACRE,2021,25399206,29951.89,848,926,2201966,70459416,34.0,10843521.0,1512.0,False
AC,ACRE,2022,25913452,30414.85,852,987,2322493,84946196,34.0,20284008.0,2691.0,False
AC,ACRE,2023,27363921,31967.2,856,992,2391228,45606283,24.0,19758167.0,5065.0,False
AC,ACRE,2024,27363134,31817.6,860,1123,2446539,40180573,13.0,3197289.0,354.0,False
AL,ALAGOAS,2013,75503698,23923.86,3156,2952,2056577,4671250,0.0,0.0,0.0,True
AL,ALAGOAS,2014,76944017,24310.91,3165,3297,2058306,4861396,3.0,1705645.0,0.0,False
AL,ALAGOAS,2015,80945220,25502.59,3174,3129,2057186,4788290,4.0,1179342.0,0.0,False
AL,ALAGOAS,2016,79886044,25121.4,3180,3155,2055071,4782838,0.0,0.0,0.0,True
AL,ALAGOAS,2017,82325603,25847.91,3185,3017,2056654,5299582,12.0,1581509.0,192.0,False
AL,ALAGOAS,2018,81113808,25411.59,3192,3164,2053288,4969489,10.0,4429816.0,561.0,False
AL,ALAGOAS,2019,84335004,26354.69,3200,3169,2055286,4449869,2.0,218799.0,48.0,False
AL,ALAGOAS,2020,84902152,26482.27,3206,3341,2055082,4281920,0.0,0.0,0.0,True
AL,ALAGOAS,2021,90626289,28241.29,3209,3053,2055431,4362816,3.0,375710.0,116.0,False
AL,ALAGOAS,2022,83253770,25935.75,3210,3386,2058485,4412285,0.0,0.0,0.0,True
AL,ALAGOAS,2023,93347948,29080.36,3210,3879,2071579,4934603,2.0,173212.0,40.0,False
AL,ALAGOAS,2024,91795936,28587.96,3211,4430,2082205,4166820,5.0,2664688.0,924.0,False
AM,AMAZONAS,2013,168193398,46837.48,3591,4572,1337227,41264017,0.0,0.0,0.0,True
AM,AMAZONAS,2014,162748862,44564.31,3652,4689,1387233,41224694,4.0,2193998.0,0.0,False
AM,AMAZONAS,2015,151125775,40723.73,3711,4511,1481982,64559216,3.0,870958.0,0.0,False
AM,AMAZONAS,2016,143788498,38200.98,3764,4021,1630104,93721615,0.0,0.0,0.0,True
AM,AMAZONAS,2017,145239356,38080.59,3814,4587,1715130,65452842,4.0,596133.0,167.0,False
AM,AMAZONAS,2018,149233349,38621.47,3864,4245,1774790,60559522,11.0,2618510.0,689.0,False
AM,AMAZONAS,2019,154729914,39502.15,3917,4381,1919673,115092863,0.0,0.0,0.0,True
AM,AMAZONAS,2020,155852981,39327.02,3963,4383,2074363,114357686,0.0,0.0,0.0,True
AM,AMAZONAS,2021,156298079,39074.52,4000,4001,2315394,170887856,0.0,0.0,0.0,True
AM,AMAZONAS,2022,158855754,39330.47,4039,4392,2620189,196780062,0.0,0.0,0.0,True
AM,AMAZONAS,2023,168395684,41293.69,4078,5209,2793054,96712100,0.0,0.0,0.0,True
AM,AMAZONAS,2024,167870414,40774.94,4117,5339,2952605,79969225,0.0,0.0,0.0,True
AP,AMAPÁ,2013,25848311,36050.64,717,959,45954,1850835,11.0,3449153.0,0.0,False
AP,AMAPÁ,2014,25163437,34517.75,729,963,50335,2432019,3.0,1085986.0,0.0,False
AP,AMAPÁ,2015,24198251,32700.34,740,1000,56221,2489658,9.0,3257250.0,0.0,False
AP,AMAPÁ,2016,23160816,30922.32,749,957,66448,5416087,0.0,0.0,0.0,True
AP,AMAPÁ,2017,24116020,31815.33,758,976,73141,2562419,4.0,1251444.0,555.0,False
AP,AMAPÁ,2018,25036701,32727.71,765,907,73260,1965154,0.0,0.0,0.0,True
AP,AMAPÁ,2019,25025232,32458.15,771,905,75105,2912142,0.0,0.0,0.0,True
AP,AMAPÁ,2020,24810274,31930.85,777,891,75782,1967509,0.0,0.0,0.0,True
AP,AMAPÁ,2021,23884614,30542.98,782,824,75396,1536564,0.0,0.0,0.0,True
AP,AMAPÁ,2022,25845763,32840.87,787,1060,80466,5042744,0.0,0.0,0.0,True
AP,AMAPÁ,2023,29163250,36868.84,791,1308,85337,4137623,0.0,0.0,0.0,True
AP,AMAPÁ,2024,27690450,34874.62,794,1274,88328,1354928,0.0,0.0,0.0,True
BA,BAHIA,2013,414845791,28945.42,14332,16691,21286580,79905916,528.0,259037591.0,0.0,False
BA,BAHIA,2014,420502104,29221.83,14390,17822,21383203,71188927,601.0,417103105.0,0.0,False
BA,BAHIA,2015,427783232,29602.33,14451,17423,21547812,64621106,385.0,241162577.0,37759.0,False
BA,BAHIA,2016,417832199,28802.11,14507,16420,21585849,57857337,123.0,67278410.0,15432.0,False
BA,BAHIA,2017,418588952,28753.19,14558,17800,21626593,60330991,297.0,149240105.0,49690.0,False
BA,BAHIA,2018,426698748,29201.94,14612,16856,21670344,61768284,346.0,258173965.0,81920.0,False
BA,BAHIA,2019,419417825,28584.33,14673,17805,21769631,63534765,262.0,227111244.0,55751.0,False
BA,BAHIA,2020,410149217,27848.26,14728,18562,21858161,66996735,288.0,220866886.0,66818.0,False
BA,BAHIA,2021,419015115,28375.1,14767,15467,22143574,72125344,435.0,388190274.0,88526.0,False
BA,BAHIA,2022,440695365,29796.85,14790,16568,22434685,82440669,274.0,368649268.0,70713.0,False
BA,BAHIA,2023,448570752,30292.46,14808,17898,22869078,88875645,233.0,347157661.0,90591.0,False
BA,BAHIA,2024,445537147,30044.99,14829,20649,23037141,73263356,185.0,299701624.0,59662.0,False
CE,CEARÁ,2013,220818261,25396.0,8695,9947,3282030,18039183,1.0,347608.0,0.0,False
CE,CEARÁ,2014,236708698,27052.42,8750,10033,3318672,17540675,0.0,0.0,0.0,True
CE,CEARÁ,2015,228046105,25890.79,8808,10220,3381954,17732640,0.0,0.0,0.0,True
CE,CEARÁ,2016,223535660,25218.37,8864,9979,3418267,16583937,0.0,0.0,0.0,True
CE,CEARÁ,2017,230415963,25848.77,8914,10563,3420980,17108793,0.0,0.0,0.0,True
CE,CEARÁ,2018,232406630,25923.77,8965,10786,3431634,17511376,0.0,0.0,0.0,True
CE,CEARÁ,2019,233959521,25929.24,9023,11555,3456318,17599618,0.0,0.0,0.0,True
CE,CEARÁ,2020,224222730,24707.74,9075,12026,3494017,17779472,0.0,0.0,0.0,True
CE,CEARÁ,2021,231581235,25409.4,9114,10182,3572947,18778036,0.0,0.0,0.0,True
CE,CEARÁ,2022,233785224,25561.47,9146,10738,3702582,19734313,1.0,5452948.0,684.0,False
CE,CEARÁ,2023,241713862,26330.49,9180,11373,3868600,23066836,1.0,5218373.0,316.0,False
CE,CEARÁ,2024,239242328,25956.64,9217,11617,4036587,21335844,5.0,1677508.0,547.0,False
DF,DISTRITO FEDERAL,2013,356242151,130300.71,2734,9748,207098,616745,2.0,190442.0,0.0,False
DF,DISTRITO FEDERAL,2014,370743576,134132.99,2764,9682,207058,756095,5.0,1635739.0,0.0,False
DF,DISTRITO FEDERAL,2015,376404581,134670.69,2795,9984,207783,703303,1.0,1934810.0,0.0,False
DF,DISTRITO FEDERAL,2016,380368736,134691.48,2824,9550,207989,717601,0.0,0.0,0.0,True
DF,DISTRITO FEDERAL,2017,381201513,133754.92,2850,9913,208862,667812,0.0,0.0,0.0,True
DF,DISTRITO FEDERAL,2018,379857311,132124.28,2875,9636,209742,666693,1.0,216317.0,0.0,False
DF,DISTRITO FEDERAL,2019,391345895,134946.86,2900,10087,210643,631666,0.0,0.0,0.0,True
DF,DISTRITO FEDERAL,2020,357122971,122260.52,2921,9383,212527,678911,0.0,0.0,0.0,True
DF,DISTRITO FEDERAL,2021,340974744,116056.75,2938,9162,212368,613925,0.0,0.0,0.0,True
DF,DISTRITO FEDERAL,2022,359859078,121903.48,2952,9535,213255,550084,0.0,0.0,0.0,True
DF,DISTRITO FEDERAL,2023,380587216,128230.19,2968,10455,214119,686000,0.0,0.0,0.0,True
DF,DISTRITO FEDERAL,2024,363502617,121858.07,2983,10280,214801,756933,0.0,0.0,0.0,True
ES,ESPÍRITO SANTO,2013,237501241,63333.66,3750,6635,2896693,10281134,189.0,47484407.0,0.0,False
ES,ESPÍRITO SANTO,2014,241833873,63808.41,3790,7024,2899816,11040861,231.0,75564549.0,0.0,False
ES,ESPÍRITO SANTO,2015,210128030,54863.72,3830,6713,2916058,11728389,109.0,28305595.0,341.0,False
ES,ESPÍRITO SANTO,2016,176448852,45629.39,3867,6674,2939739,10141753,26.0,9708574.0,1183.0,False
ES,ESPÍRITO SANTO,2017,176642000,45292.82,3900,6735,2953676,9785541,63.0,23476432.0,2320.0,False
ES,ESPÍRITO SANTO,2018,204256497,51934.02,3933,7118,2948530,8133348,173.0,72520902.0,8674.0,False
ES,ESPÍRITO SANTO,2019,196443499,49544.39,3965,7741,2944333,7017129,43.0,19594632.0,2495.0,False
ES,ESPÍRITO SANTO,2020,185979744,46529.83,3997,7181,2924304,7217300,64.0,24640592.0,2262.0,False
ES,ESPÍRITO SANTO,2021,221423310,55053.04,4022,6420,2910201,7218682,42.0,21058391.0,2783.0,False
ES,ESPÍRITO SANTO,2022,199798822,49381.81,4046,7651,2900826,9540141,33.0,22653970.0,1602.0,False
ES,ESPÍRITO SANTO,2023,218390101,53645.32,4071,8324,2894697,8406017,19.0,7784749.0,3612.0,False
ES,ESPÍRITO SANTO,2024,219180529,53497.81,4097,8854,2885369,5299796,45.0,28233800.0,1872.0,False
GO,GOIÁS,2013,306409545,47571.73,6441,11898,20799497,65908394,1329.0,582109918.0,0.0,False
GO,GOIÁS,2014,309870491,47417.06,6535,11981,20869198,65417819,1725.0,915099488.0,0.0,False
GO,GOIÁS,2015,303117581,45719.09,6630,11505,20938997,64086284,1213.0,581959964.0,60540.0,False
GO,GOIÁS,2016,293519816,43678.54,6720,11129,20998893,61643782,452.0,272217721.0,978046.0,False
GO,GOIÁS,2017,298996038,43937.7,6805,12235,21077738,61049175,266.0,248876092.0,60431.0,False
GO,GOIÁS,2018,291703747,42349.56,6888,12282,21128299,57946244,235.0,206284294.0,53292.0,False
GO,GOIÁS,2019,298461371,42796.3,6974,12050,21195561,60649235,294.0,227532225.0,52933.0,False
GO,GOIÁS,2020,301077245,42645.5,7060,11649,21258559,63338199,342.0,308965141.0,75698.0,False
GO,GOIÁS,2021,320398284,44911.45,7134,11155,21319249,63891059,188.0,324606706.0,74826.0,False
GO,GOIÁS,2022,348691475,48422.65,7201,12828,21366043,63823220,164.0,372412019.0,75522.0,False
GO,GOIÁS,2023,350485154,48183.28,7274,15586,21446346,66885748,299.0,583022011.0,141992.0,False
GO,GOIÁS,2024,355221412,48329.44,7350,15811,21489261,63264512,292.0,505970876.0,128810.0,False
MA,MARANHÃO,2013,137094003,20410.0,6717,5464,8772131,92222775,232.0,49234216.0,0.0,False
MA,MARANHÃO,2014,144296161,21358.22,6756,5616,8968477,87046631,422.0,121166464.0,0.0,False
MA,MARANHÃO,2015,136998893,20164.69,6794,5772,9130517,99263076,419.0,88671538.0,1652.0,False
MA,MARANHÃO,2016,137765412,20185.41,6825,5852,9261053,103378856,131.0,67221699.0,15802.0,False
MA,MARANHÃO,2017,139479899,20359.06,6851,5879,9337602,77078979,183.0,90921672.0,30088.0,False
MA,MARANHÃO,2018,146356677,21282.05,6877,5825,9408094,77649575,368.0,168866455.0,56754.0,False
MA,MARANHÃO,2019,139223963,20162.78,6905,5939,9550288,101411077,164.0,111277531.0,21056.0,False
MA,MARANHÃO,2020,143624333,20730.99,6928,6223,9863420,113791647,259.0,159390475.0,46127.0,False
MA,MARANHÃO,2021,148514349,21384.36,6945,5488,10130998,98871292,318.0,241941138.0,57287.0,False
MA,MARANHÃO,2022,152998753,22001.55,6954,6519,10499712,116129060,135.0,170810128.0,32320.0,False
MA,MARANHÃO,2023,155315178,22318.61,6959,7372,11012038,143188547,108.0,136895275.0,38545.0,False
MA,MARANHÃO,2024,156555516,22474.23,6966,7884,11308910,103685473,107.0,161140028.0,49965.0,False
MG,MINAS GERAIS,2013,988296016,48915.86,20204,35479,29582355,103575468,2399.0,865490597.0,0.0,False
MG,MINAS GERAIS,2014,970150093,47720.12,20330,37164,29643749,101903913,2392.0,1079960586.0,0.0,False
MG,MINAS GERAIS,2015,906618672,44313.93,20459,37163,29747106,97680638,1657.0,613260338.0,31405.0,False
MG,MINAS GERAIS,2016,879803130,42756.63,20577,35034,29818034,93233398,450.0,157262237.0,43065.0,False
MG,MINAS GERAIS,2017,897814689,43406.24,20684,36667,29886931,85376309,703.0,256405204.0,53132.0,False
MG,MINAS GERAIS,2018,916598531,44088.43,20790,37475,29930351,83073077,963.0,481816187.0,100657.0,False
MG,MINAS GERAIS,2019,932364457,44600.07,20905,37837,29988197,80629006,661.0,409898003.0,71484.0,False
MG,MINAS GERAIS,2020,917212908,43635.25,21020,36786,30098800,83709558,922.0,454292212.0,104088.0,False
MG,MINAS GERAIS,2021,1019076366,48286.02,21105,34580,30258364,85662227,723.0,469976675.0,95367.0,False
MG,MINAS GERAIS,2022,992413688,46887.16,21166,36744,30390726,91166591,684.0,823325931.0,112367.0,False
MG,MINAS GERAIS,2023,1011631066,47639.8,21235,43810,30581229,88431573,770.0,869668591.0,150873.0,False
MG,MINAS GERAIS,2024,1034063978,48524.82,21310,43754,30718926,97827158,799.0,917112891.0,135909.0,False
MS,MATO GROSSO DO SUL,2013,140148690,55614.56,2520,4678,19507644,50744625,759.0,639148208.0,0.0,False
MS,MATO GROSSO DO SUL,2014,148254821,58070.83,2553,4958,19422824,47792812,914.0,628822127.0,0.0,False
MS,MATO GROSSO DO SUL,2015,145040764,56086.92,2586,4536,19332276,46600128,486.0,295096204.0,18006.0,False
MS,MATO GROSSO DO SUL,2016,148394946,56704.22,2617,5053,19276254,48376426,161.0,114613939.0,32015.0,False
MS,MATO GROSSO DO SUL,2017,150155806,56726.79,2647,4978,19247452,47205508,134.0,89120503.0,28814.0,False
MS,MATO GROSSO DO SUL,2018,159459447,59566.47,2677,5465,19230310,45051287,99.0,97340323.0,26292.0,False
MS,MATO GROSSO DO SUL,2019,152959441,56505.15,2707,5617,19272437,49663587,277.0,194520428.0,60772.0,False
MS,MATO GROSSO DO SUL,2020,164730551,60208.53,2736,5355,19305903,51219624,341.0,223113622.0,92265.0,False
MS,MATO GROSSO DO SUL,2021,168980461,61224.8,2760,4958,19381263,54237776,190.0,200114518.0,71164.0,False
MS,MATO GROSSO DO SUL,2022,182132265,65468.1,2782,5702,19393932,42770104,241.0,429849680.0,99354.0,False
MS,MATO GROSSO DO SUL,2023,191925123,68422.5,2805,6124,19392223,52169915,154.0,329464744.0,98042.0,False
MS,MATO GROSSO DO SUL,2024,192014815,67873.74,2829,6267,19391279,36259222,156.0,255669316.0,75582.0,False
MT,MATO GROSSO,2013,180671899,56886.62,3176,5801,30482800,232149861,669.0,456365974.0,0.0,False
MT,MATO GROSSO,2014,190101081,58909.54,3227,5946,30713944,209720576,704.0,600196894.0,0.0,False
MT,MATO GROSSO,2015,187524746,57172.18,3280,5682,30972118,228609649,513.0,367090498.0,58994.0,False
MT,MATO GROSSO,2016,200051722,60021.52,3333,5634,31187945,195309548,162.0,114420021.0,37829.0,False
MT,MATO GROSSO,2017,197586646,58354.0,3386,6040,31382094,200608763,124.0,147298801.0,33441.0,False
MT,MATO GROSSO,2018,204886764,59508.21,3443,6564,31582863,204367007,149.0,182783909.0,71164.0,False
MT,MATO GROSSO,2019,203275165,57995.77,3505,6476,31926892,265006063,406.0,368723536.0,111884.0,False
MT,MATO GROSSO,2020,239986845,67317.49,3565,6459,32217529,253828690,396.0,484848173.0,158345.0,False
MT,MATO GROSSO,2021,277337129,76633.64,3619,5974,32537051,247757472,283.0,480122801.0,124549.0,False
MT,MATO GROSSO,2022,279673773,76122.42,3674,6812,32999611,306886703,350.0,989457165.0,245979.0,False
MT,MATO GROSSO,2023,284146446,76158.25,3731,7995,33429671,298397430,598.0,1382899884.0,374792.0,False
MT,MATO GROSSO,2024,301844508,79684.4,3788,8925,33628538,197617082,451.0,1132720210.0,333077.0,False
PA,PARÁ,2013,245501700,30997.69,7920,8650,18347452,259691891,316.0,116968218.0,0.0,False
PA,PARÁ,2014,233949178,29225.38,8005,8853,18571147,253312621,317.0,151943216.0,0.0,False
PA,PARÁ,2015,228516855,28253.81,8088,8739,18883157,298695862,159.0,141715243.0,6090.0,False
PA,PARÁ,2016,223026961,27321.69,8163,8226,19253958,330376840,61.0,36684618.0,6350.0,False
PA,PARÁ,2017,241804035,29380.81,8230,8352,19536706,262022696,96.0,92193870.0,18612.0,False
PA,PARÁ,2018,240524677,29003.34,8293,9709,19839785,289033440,332.0,252928266.0,52545.0,False
PA,PARÁ,2019,255130126,30528.91,8357,8844,20356109,415049420,178.0,237054438.0,34175.0,False
PA,PARÁ,2020,290074620,34467.04,8416,9596,20850103,415549998,261.0,152266912.0,53326.0,False
PA,PARÁ,2021,312409481,36884.24,8470,8595,21471570,478338442,214.0,168168367.0,38247.0,False
PA,PARÁ,2022,258456492,30338.83,8519,10288,22082854,436988784,138.0,139161234.0,26470.0,False
PA,PARÁ,2023,264931179,30931.84,8565,11859,22732200,390221011,101.0,173623192.0,40757.0,False
PA,PARÁ,2024,285220403,33118.95,8612,11935,23116889,233831112,115.0,201654395.0,34879.0,False
PB,PARAÍBA,2013,93922212,24325.88,3861,4256,2085548,5431324,0.0,0.0,0.0,True
PB,PARAÍBA,2014,99405644,25587.04,3885,4747,2085160,5349058,0.0,0.0,0.0,True
PB,PARAÍBA,2015,98009294,25059.91,3911,5032,2104627,5401951,0.0,0.0,0.0,True
PB,PARAÍBA,2016,95447086,24249.77,3936,4588,2119343,5571396,0.0,0.0,0.0,True
PB,PARAÍBA,2017,97194863,24544.16,3960,5170,2132902,5872401,3.0,387157.0,70.0,False
PB,PARAÍBA,2018,95962047,24074.77,3986,4949,2137933,6277895,0.0,0.0,0.0,True
PB,PARAÍBA,2019,97239539,24219.06,4015,4964,2157876,6016278,0.0,0.0,0.0,True
PB,PARAÍBA,2020,94425999,23361.21,4042,4743,2163194,5925422,0.0,0.0,0.0,True
PB,PARAÍBA,2021,92057845,22652.03,4064,4447,2196789,5992451,0.0,0.0,0.0,True
PB,PARAÍBA,2022,94229785,23084.22,4082,5044,2240643,5752313,3.0,3602247.0,526.0,False
PB,PARAÍBA,2023,100918955,24608.38,4101,5978,2294837,6025432,2.0,2869011.0,462.0,False
PB,PARAÍBA,2024,97457252,23648.93,4121,5941,2336929,5172790,0.0,0.0,0.0,True
PE,PERNAMBUCO,2013,285854160,31614.04,9042,11914,3810076,11316766,10.0,3449517.0,0.0,False
PE,PERNAMBUCO,2014,291331308,32017.95,9099,12898,3824154,11692228,29.0,3386076.0,0.0,False
PE,PERNAMBUCO,2015,274018177,29924.45,9157,12314,3848188,11947608,35.0,9235066.0,109.0,False
PE,PERNAMBUCO,2016,270242021,29354.99,9206,11498,3852693,11010383,10.0,873298.0,46.0,False
PE,PERNAMBUCO,2017,282891388,30589.47,9248,10993,3849944,10723540,8.0,453456.0,120.0,False
PE,PERNAMBUCO,2018,277795843,29899.46,9291,10979,3833275,10921109,13.0,2599445.0,515.0,False
PE,PERNAMBUCO,2019,282986942,30301.63,9339,11834,3831556,10749372,7.0,403319.0,56.0,False
PE,PERNAMBUCO,2020,259677170,27681.18,9381,11017,3831051,10327375,43.0,5094326.0,830.0,False
PE,PERNAMBUCO,2021,262392283,27878.48,9412,9717,3843810,11122318,24.0,5275669.0,473.0,False
PE,PERNAMBUCO,2022,269057943,28517.01,9435,10468,3902001,11876562,32.0,4764971.0,869.0,False
PE,PERNAMBUCO,2023,281509414,29770.45,9456,11228,3969117,12515857,25.0,7244716.0,1159.0,False
PE,PERNAMBUCO,2024,272106730,28700.21,9481,13929,4029423,11497108,17.0,7525204.0,1503.0,False
PI,PIAUÍ,2013,63354794,19638.81,3226,3788,2945219,31043638,41.0,33737581.0,0.0,False
PI,PIAUÍ,2014,70838263,21863.66,3240,3809,3049205,28449154,74.0,51129739.0,0.0,False
PI,PIAUÍ,2015,68345278,20990.56,3256,3921,3107130,26106090,32.0,35687011.0,8088.0,False
PI,PIAUÍ,2016,66883353,20447.37,3271,3603,3137463,16981857,22.0,17069894.0,7726.0,False
PI,PIAUÍ,2017,70665471,21505.01,3286,3550,3175489,19324342,60.0,67513496.0,25988.0,False
PI,PIAUÍ,2018,75099365,22743.6,3302,3730,3210828,18756778,55.0,73946736.0,22879.0,False
PI,PIAUÍ,2019,75491625,22738.44,3320,3724,3293683,27146263,36.0,83415441.0,23014.0,False
PI,PIAUÍ,2020,75752549,22707.6,3336,3765,3409312,28889113,48.0,87603522.0,28906.0,False
PI,PIAUÍ,2021,76084709,22725.42,3348,3546,3539315,26861094,55.0,88480992.0,22527.0,False
PI,PIAUÍ,2022,79717121,23746.54,3357,4164,3786398,39172046,28.0,63215243.0,11555.0,False
PI,PIAUÍ,2023,84218000,25020.2,3366,4841,4030798,38321140,46.0,103393370.0,21323.0,False
PI,PIAUÍ,2024,83644186,24783.46,3375,4777,4257322,41885266,38.0,85281443.0,22446.0,False
PR,PARANÁ,2013,675358161,61999.28,10893,23409,12590529,40921295,861.0,203165524.0,0.0,False
PR,PARANÁ,2014,653642464,59476.11,10990,24050,12531860,40416094,858.0,289027116.0,0.0,False
PR,PARANÁ,2015,658080093,59350.66,11088,22519,12479139,40819163,510.0,158534714.0,5036.0,False
PR,PARANÁ,2016,648881363,58029.1,11182,22981,12445275,40894551,136.0,62409369.0,7102.0,False
PR,PARANÁ,2017,656563212,58252.44,11271,23663,12419733,39880015,217.0,92443815.0,31261.0,False
PR,PARANÁ,2018,655954082,57742.44,11360,24834,12389408,39100653,260.0,112589087.0,29985.0,False
PR,PARANÁ,2019,667052605,58237.52,11454,24846,12375505,42766705,187.0,87983903.0,21660.0,False
PR,PARANÁ,2020,655455975,56764.18,11547,23225,12363392,39283982,300.0,107334638.0,23467.0,False
PR,PARANÁ,2021,653531931,56261.36,11616,22077,12357647,39941578,185.0,108755752.0,19554.0,False
PR,PARANÁ,2022,672689519,57632.76,11672,23541,12351253,37479309,131.0,129547222.0,18661.0,False
PR,PARANÁ,2023,698290477,59484.66,11739,25850,12346333,36059769,191.0,167102787.0,34437.0,False
PR,PARANÁ,2024,690337252,58453.62,11810,29823,12348942,25684595,196.0,162898937.0,32930.0,False
RJ,RIO DE JANEIRO,2013,1272268613,75730.27,16800,35026,2393401,7121613,102.0,20753743.0,0.0,False
RJ,RIO DE JANEIRO,2014,1260167320,74632.36,16885,36489,2384738,7467630,98.0,15355543.0,0.0,False
RJ,RIO DE JANEIRO,2015,1150687011,67803.14,16971,35176,2395415,7829672,33.0,6277783.0,229.0,False
RJ,RIO DE JANEIRO,2016,1034170631,60680.08,17043,35774,2398909,6508067,21.0,2185411.0,225.0,False
RJ,RIO DE JANEIRO,2017,1046153744,61178.58,17100,35068,2405369,6923187,27.0,5191415.0,457.0,False
RJ,RIO DE JANEIRO,2018,1131235064,65968.92,17148,39029,2408047,7289001,46.0,9479126.0,1470.0,False
RJ,RIO DE JANEIRO,2019,1115520080,64882.22,17193,41294,2408915,6269750,19.0,6924611.0,1028.0,False
RJ,RIO DE JANEIRO,2020,1012640448,58799.24,17222,38181,2410640,6909655,15.0,3015801.0,410.0,False
RJ,RIO DE JANEIRO,2021,1128052278,65508.26,17220,36207,2412868,6618785,61.0,20571781.0,4704.0,False
RJ,RIO DE JANEIRO,2022,1262515199,73355.13,17211,37715,2407981,7540239,24.0,5820007.0,757.0,False
RJ,RIO DE JANEIRO,2023,1220720774,70918.54,17213,43232,2400019,7403567,29.0,8659324.0,1944.0,False
RJ,RIO DE JANEIRO,2024,1243196729,72199.12,17219,43754,2399882,7225166,32.0,11098399.0,789.0,False
RN,RIO GRANDE DO NORTE,2013,104333964,31857.7,3275,3927,2084897,5158627,0.0,0.0,0.0,True
RN,RIO GRANDE DO NORTE,2014,101445156,30750.27,3299,4113,2102167,5416213,1.0,1705856.0,0.0,False
RN,RIO GRANDE DO NORTE,2015,99945283,30085.88,3322,4472,2124956,5043308,0.0,0.0,0.0,True
RN,RIO GRANDE DO NORTE,2016,96371778,28836.56,3342,4450,2130199,4334639,0.0,0.0,0.0,True
RN,RIO GRANDE DO NORTE,2017,100168835,29821.03,3359,4093,2133261,4654206,0.0,0.0,0.0,True
RN,RIO GRANDE DO NORTE,2018,99831869,29571.05,3376,4490,2130216,4252816,0.0,0.0,0.0,True
RN,RIO GRANDE DO NORTE,2019,102032007,30080.19,3392,4731,2132372,4398525,1.0,234687.0,40.0,False
RN,RIO GRANDE DO NORTE,2020,96152287,28213.7,3408,4819,2129687,4156702,0.0,0.0,0.0,True
RN,RIO GRANDE DO NORTE,2021,95278611,27867.39,3419,4703,2160893,4005236,0.0,0.0,0.0,True
RN,RIO GRANDE DO NORTE,2022,102684900,29954.75,3428,4739,2172106,3682433,0.0,0.0,0.0,True
RN,RIO GRANDE DO NORTE,2023,105890947,30818.09,3436,4947,2198946,4479969,10.0,4133624.0,137.0,False
RN,RIO GRANDE DO NORTE,2024,103539428,30046.26,3446,5603,2217759,4456407,6.0,4154918.0,653.0,False
RO,RONDÔNIA,2013,63026351,38785.45,1625,2206,7542270,85881997,219.0,63784112.0,0.0,False
RO,RONDÔNIA,2014,63904353,38942.32,1641,2208,7631581,87254011,181.0,49231837.0,0.0,False
RO,RONDÔNIA,2015,63830172,38544.79,1656,2218,7768560,116914192,148.0,55421077.0,3503.0,False
RO,RONDÔNIA,2016,63723716,38180.78,1669,2176,7935313,128561134,101.0,49870405.0,10043.0,False
RO,RONDÔNIA,2017,67784687,40348.03,1680,2295,8084319,120403671,150.0,94075050.0,19848.0,False
RO,RONDÔNIA,2018,66953497,39617.45,1690,2612,8218148,109829757,108.0,72292917.0,6777.0,False
RO,RONDÔNIA,2019,67354085,39620.05,1700,2549,8418725,149324362,96.0,62253457.0,5535.0,False
RO,RONDÔNIA,2020,69314578,40534.84,1710,2529,8593732,144469317,121.0,52627506.0,10996.0,False
RO,RONDÔNIA,2021,69123413,40258.25,1717,2144,8799202,157851148,130.0,58963702.0,14704.0,False
RO,RONDÔNIA,2022,73107401,42479.61,1721,2611,9006238,156082200,100.0,75215593.0,13024.0,False
RO,RONDÔNIA,2023,79575342,46077.21,1727,2886,9181431,134764049,45.0,84064857.0,20281.0,False
RO,RONDÔNIA,2024,77457677,44695.72,1733,3132,9229069,69328985,42.0,44986252.0,9486.0,False
RR,RORAIMA,2013,18248308,40642.11,449,734,760898,20169856,33.0,12054869.0,0.0,False
RR,RORAIMA,2014,18297791,39691.52,461,710,808874,25859779,8.0,5184152.0,0.0,False
RR,RORAIMA,2015,17881477,37884.49,472,766,850285,32571658,10.0,9278309.0,175.0,False
RR,RORAIMA,2016,17785048,36745.97,484,755,889144,27657999,14.0,8216225.0,2481.0,False
RR,RORAIMA,2017,18855390,37938.41,497,703,907629,21230545,29.0,19054207.0,5543.0,False
RR,RORAIMA,2018,19930710,38550.7,517,876,939839,22966887,52.0,28433594.0,6354.0,False
RR,RORAIMA,2019,20441974,37646.36,543,773,986450,36816320,17.0,15040904.0,4756.0,False
RR,RORAIMA,2020,21526028,38302.54,562,718,1021999,21966557,12.0,15407572.0,1990.0,False
RR,RORAIMA,2021,21630090,37683.08,574,737,1060765,30156968,35.0,11417605.0,2216.0,False
RR,RORAIMA,2022,23088781,39133.53,590,852,1087401,24642610,28.0,41472434.0,5318.0,False
RR,RORAIMA,2023,26149815,43009.56,608,968,1147027,28103249,26.0,42475857.0,6918.0,False
RR,RORAIMA,2024,25519325,40700.68,627,1006,1234145,37538438,18.0,28118882.0,14316.0,False
RS,RIO GRANDE DO SUL,2013,672951389,61361.48,10967,25100,11153179,78062398,870.0,221189123.0,0.0,False
RS,RIO GRANDE DO SUL,2014,671917930,61033.51,11009,25687,11224857,67861368,955.0,297897124.0,0.0,False
RS,RIO GRANDE DO SUL,2015,666860793,60333.01,11053,25539,11280387,68835425,776.0,225219011.0,28408.0,False
RS,RIO GRANDE DO SUL,2016,660145734,59515.48,11092,24727,11337233,61772115,162.0,98159583.0,22357.0,False
RS,RIO GRANDE DO SUL,2017,659323715,59270.38,11124,25425,11442571,65638703,259.0,119304212.0,50104.0,False
RS,RIO GRANDE DO SUL,2018,681690443,61138.16,11150,25265,11585462,62023314,352.0,182085393.0,56601.0,False
RS,RIO GRANDE DO SUL,2019,690061819,61739.45,11177,26630,11751499,67287366,263.0,196207546.0,63895.0,False
RS,RIO GRANDE DO SUL,2020,632634334,56470.08,11203,25357,11860398,57450657,273.0,261056565.0,121490.0,False
RS,RIO GRANDE DO SUL,2021,690738275,61612.55,11211,24129,12066357,75249873,257.0,239506691.0,72437.0,False
RS,RIO GRANDE DO SUL,2022,649730053,57990.9,11204,25641,12233589,60315571,208.0,461900385.0,81323.0,False
RS,RIO GRANDE DO SUL,2023,676629269,60380.98,11206,27279,12368927,50101038,526.0,780215576.0,182920.0,False
RS,RIO GRANDE DO SUL,2024,673000601,60019.67,11213,29615,12442306,55506855,606.0,863676907.0,215020.0,False
SC,SANTA CATARINA,2013,434425131,65346.74,6648,14793,3429111,21121993,471.0,63383224.0,0.0,False
SC,SANTA CATARINA,2014,455473668,67377.76,6760,15148,3408998,21969065,248.0,52766970.0,0.0,False
SC,SANTA CATARINA,2015,434828966,63220.26,6878,15319,3393636,20143744,148.0,40460166.0,3018.0,False
SC,SANTA CATARINA,2016,414627792,59241.0,6999,14911,3398959,20692741,53.0,20873948.0,2658.0,False
SC,SANTA CATARINA,2017,431901204,60634.73,7123,16187,3413404,20254084,57.0,31242881.0,5767.0,False
SC,SANTA CATARINA,2018,444568649,61294.45,7253,16375,3426328,19733244,78.0,26423447.0,6287.0,False
SC,SANTA CATARINA,2019,462359810,62557.14,7391,17178,3433547,20848838,44.0,25062080.0,3689.0,False
SC,SANTA CATARINA,2020,469194592,62318.31,7529,16243,3443946,18837761,44.0,25128531.0,6273.0,False
SC,SANTA CATARINA,2021,509269963,66501.69,7658,15946,3453824,18979808,27.0,27852245.0,1900.0,False
SC,SANTA CATARINA,2022,510335448,65570.53,7783,17236,3470156,19862996,22.0,46027106.0,7194.0,False
SC,SANTA CATARINA,2023,534337733,67526.57,7913,19125,3506176,15855707,49.0,59278371.0,6827.0,False
SC,SANTA CATARINA,2024,543720490,67593.3,8044,21492,3529403,8946304,76.0,58989986.0,6732.0,False
SE,SERGIPE,2013,71561605,33362.05,2145,2807,1568754,3904912,11.0,562028.0,0.0,False
SE,SERGIPE,2014,70366806,32517.01,2164,2905,1569623,3868796,4.0,163638.0,0.0,False
SE,SERGIPE,2015,67309781,30847.75,2182,2784,1568238,3845150,0.0,0.0,0.0,True
SE,SERGIPE,2016,62782369,28563.41,2198,2834,1570268,3815942,0.0,0.0,0.0,True
SE,SERGIPE,2017,63415893,28669.03,2212,2617,1573006,3855844,0.0,0.0,0.0,True
SE,SERGIPE,2018,62636419,28125.92,2227,2766,1576439,3273374,2.0,418587.0,249.0,False
SE,SERGIPE,2019,63918748,28522.42,2241,2867,1579146,3104596,4.0,270895.0,24.0,False
SE,SERGIPE,2020,61000543,27063.24,2254,2980,1585388,3122019,0.0,0.0,0.0,True
SE,SERGIPE,2021,61626798,27208.3,2265,2584,1592669,3354540,0.0,0.0,0.0,True
SE,SERGIPE,2022,62793726,27625.92,2273,2936,1599465,3475455,0.0,0.0,0.0,True
SE,SERGIPE,2023,63297784,27737.85,2282,2951,1608989,3659036,0.0,0.0,0.0,True
SE,SERGIPE,2024,63010696,27503.58,2291,3423,1614791,4101819,5.0,1278975.0,253.0,False
SP,SÃO PAULO,2013,3473660374,79826.74,43515,111070,17213686,58636856,1453.0,632408488.0,0.0,False
SP,SÃO PAULO,2014,3489373777,79542.58,43868,114543,17171226,55843494,1850.0,805021363.0,0.0,False
SP,SÃO PAULO,2015,3386569585,76598.43,44212,109577,17126302,53083243,1479.0,479046584.0,8773.0,False
SP,SÃO PAULO,2016,3292347031,73943.79,44525,114025,17072356,52882674,285.0,109765687.0,12023.0,False
SP,SÃO PAULO,2017,3303490172,73732.04,44804,109907,17052690,53868781,516.0,255847943.0,33855.0,False
SP,SÃO PAULO,2018,3295296007,73136.16,45057,117422,17032483,48732198,571.0,342154323.0,44897.0,False
SP,SÃO PAULO,2019,3358795265,74143.95,45301,117464,17014436,53167215,360.0,315939955.0,32896.0,False
SP,SÃO PAULO,2020,3193974089,70169.47,45518,110856,17003480,53088425,347.0,211024053.0,30119.0,False
SP,SÃO PAULO,2021,3231875154,70801.48,45647,105113,17001298,50185328,281.0,245729545.0,29829.0,False
SP,SÃO PAULO,2022,3426139230,74917.77,45732,109420,16955318,52151848,242.0,372651782.0,34756.0,False
SP,SÃO PAULO,2023,3585351215,78204.23,45846,121615,16898901,49854287,254.0,327932785.0,38418.0,False
SP,SÃO PAULO,2024,3505044566,76249.66,45968,125104,16889549,39505025,351.0,368356630.0,43669.0,False
TO,TOCANTINS,2013,48192426,33748.2,1428,1780,7896347,65843660,693.0,205578752.0,0.0,False
TO,TOCANTINS,2014,49179061,34081.12,1443,1962,8097086,57842920,986.0,354119920.0,0.0,False
TO,TOCANTINS,2015,50504844,34639.81,1458,1938,8308022,59371736,517.0,190142177.0,11246.0,False
TO,TOCANTINS,2016,51005665,34674.14,1471,1837,8464516,51264519,296.0,127476120.0,29347.0,False
TO,TOCANTINS,2017,53129912,35801.83,1484,1964,8607771,46911613,716.0,258686407.0,68752.0,False
TO,TOCANTINS,2018,53167761,35516.21,1497,2156,8745424,45175587,869.0,295517342.0,80454.0,False
TO,TOCANTINS,2019,56290256,37278.32,1510,2109,8911915,51103508,350.0,175030436.0,41487.0,False
TO,TOCANTINS,2020,58636463,38525.93,1522,2073,9075106,48587468,507.0,191555057.0,60398.0,False
TO,TOCANTINS,2021,61530982,40163.83,1532,2007,9205568,44290628,394.0,190603706.0,51649.0,False
TO,TOCANTINS,2022,63709332,41342.85,1541,2401,9417961,52344457,202.0,222751378.0,43790.0,False
TO,TOCANTINS,2023,66941651,43160.32,1551,2640,9748250,76090232,199.0,229296840.0,55194.0,False
TO,TOCANTINS,2024,67889438,43490.99,1561,2841,9953883,58371950,183.0,208487001.0,61070.0,False
